mse,mae
0.146801,0.198834
