mse,mae
0.146476,0.196623
