mse,mae
0.147114,0.196368
