mse,mae
0.145776,0.194962
