train_loss,valid_loss
0.263179,0.383486
0.261185,0.382303
0.257582,0.381542
0.252266,0.377046
0.246464,0.365760
0.241227,0.363806
0.236925,0.361034
0.233669,0.358860
0.230789,0.358282
0.228338,0.364617
0.226520,0.356189
0.224824,0.361167
0.223598,0.361865
0.222438,0.359429
0.221950,0.359131
0.221463,0.360795
0.220486,0.358520
0.220227,0.358859
0.220084,0.358716
0.219922,0.359095
