mse,mae
0.281848,0.337615
