train_loss,valid_loss
0.270551,0.384099
0.267968,0.383903
0.262437,0.379057
0.257724,0.369567
0.252687,0.364803
0.247409,0.365398
0.242668,0.367100
0.239586,0.366805
0.237253,0.365452
0.234891,0.372252
0.233320,0.370246
0.231426,0.378227
0.230217,0.375647
0.229078,0.378513
0.228348,0.380702
0.227298,0.382630
0.226663,0.379913
0.225767,0.381445
0.225609,0.381852
0.225792,0.382726
