mse,mae
0.293913,0.344761
