train_loss,valid_loss
0.258644,0.379966
0.256447,0.378418
0.252327,0.374565
0.247612,0.364924
0.243005,0.365052
0.238958,0.369793
0.235783,0.360553
0.232618,0.364383
0.230243,0.366212
0.228161,0.367859
0.226253,0.368766
0.224540,0.366050
0.222887,0.367116
0.221703,0.369384
0.220775,0.370278
0.220004,0.370463
0.219443,0.368419
0.219012,0.369258
0.218694,0.369357
0.218632,0.368919
