mse,mae
0.298816,0.348974
