mse,mae
0.288255,0.341506
