mse,mae
0.368313,0.396873
