mse,mae
0.367689,0.398077
