mse,mae
0.366385,0.396885
