mse,mae
0.365502,0.396377
