mse,mae
0.304539,0.355922
