mse,mae
0.295352,0.347862
