train_loss,valid_loss
0.258218,0.395452
0.256434,0.389833
0.252742,0.391246
0.248439,0.381462
0.244823,0.396043
0.241317,0.388366
0.238228,0.379088
0.235976,0.380244
0.233361,0.385915
0.231252,0.384783
0.229352,0.383647
0.227753,0.380524
0.225717,0.382732
0.224734,0.376131
0.223273,0.375898
0.222671,0.380886
0.221664,0.377035
0.221123,0.376218
0.220745,0.377639
0.220931,0.377035
