mse,mae
0.510406,0.486240
