mse,mae
0.291963,0.346326
